<?xml version="1.0" encoding="utf-8"?>
<modification>
    <name>Quantity_Increement_Decrement</name>
    <code>Quantity_Increement_Decrement</code>
    <version>1.0</version>
    <author>LetsCMS(Gunjan Sharma)</author>
    <link>http://www.letscms.com</link>
    <!-- add the js file -->
    <file path="catalog/view/theme/default/template/common/header.tpl">
        <operation>
            <search><![CDATA[
            </head>
            ]]></search>
            <add position="before"><![CDATA[
              <script src="catalog/view/javascript/quantityincrementdecrement.js" type="text/javascript"></script>
              ]]></add>
        </operation>
    </file>
    <!-- add the js file -->
    <!-- featured modudle -->
    <file path="catalog/controller/extension/module/featured.php">
        <operation>
            <search><![CDATA[
            $data['products'] = array();
            ]]></search>
            <add position="before"><![CDATA[
              $data['quantityincrementdecrement_featured_status']=$this->config->get('quantityincrementdecrement_featured_status');
              $data['quantityincrementdecrement_status']=$this->config->get('quantityincrementdecrement_status');
              ]]></add>
        </operation>
    </file>

    <file path="catalog/view/theme/default/template/extension/module/featured.tpl">
        <operation>
            <search index="5"><![CDATA[
            <?php } ?>
            ]]></search>
            <add position="before"><![CDATA[
              <?php if($quantityincrementdecrement_featured_status && $quantityincrementdecrement_status){?>
              <div class="input-group" style="margin-bottom:10px;">
                <span class="input-group-btn">
                  <button type="button" class="btn btn-default btn-number" data-type="minus" data-field="category" onclick="descrement($(this).parent().parent())")>
                    <span class="glyphicon glyphicon-minus"></span>
                    </button>
                 </span>
                 <input type="text" name="quantity" class="form-control input-number" id="category" value="1">
                <span class="input-group-btn">
                  <button type="button" class="btn btn-default btn-number" data-type="plus" data-field="category" onclick="increment($(this).parent().parent())">
                    <span class="glyphicon glyphicon-plus"></span>
                  </button>
                </span>
              </div>
              <?php } ?>
              ]]></add>
        </operation>
        <operation>
            <search><![CDATA[
            <button type="button" onclick="cart.add('<?php echo $product['product_id']; ?>');"><i class="fa fa-shopping-cart"></i> <span class="hidden-xs hidden-sm hidden-md"><?php echo $button_cart; ?></span></button>
            ]]></search>
            <add position="replace"><![CDATA[
              <?php if($quantityincrementdecrement_featured_status && $quantityincrementdecrement_status){?>
              <button type="button" onclick="cart.add('<?php echo $product['product_id']; ?>', $(this).parent().parent().find('.input-number').val());"><i class="fa fa-shopping-cart"></i> <span class="hidden-xs hidden-sm hidden-md"><?php echo $button_cart; ?></span></button>
              <?php } else {?>
              <button type="button" onclick="cart.add('<?php echo $product['product_id']; ?>');"><i class="fa fa-shopping-cart"></i> <span class="hidden-xs hidden-sm hidden-md"><?php echo $button_cart; ?></span></button>
              <?php } ?>
              ]]></add>
        </operation>
    </file>
    <!-- featured modudle -->
    <!-- letest modudle -->
    <file path="catalog/controller/extension/module/latest.php">
        <operation>
            <search><![CDATA[
            $data['products'] = array();
            ]]></search>
            <add position="before"><![CDATA[
              $data['quantityincrementdecrement_latest_status']=$this->config->get('quantityincrementdecrement_latest_status');
              $data['quantityincrementdecrement_status']=$this->config->get('quantityincrementdecrement_status');
              ]]></add>
        </operation>
    </file>

    <file path="catalog/view/theme/default/template/extension/module/latest.tpl">
        <operation>
            <search index="5"><![CDATA[
            <?php } ?>
            ]]></search>
            <add position="before"><![CDATA[
              <?php if($quantityincrementdecrement_latest_status && $quantityincrementdecrement_status){?>
              <div class="input-group" style="margin-bottom:10px;">
                <span class="input-group-btn">
                  <button type="button" class="btn btn-default btn-number" data-type="minus" data-field="category" onclick="descrement($(this).parent().parent())")>
                    <span class="glyphicon glyphicon-minus"></span>
                    </button>
                 </span>
                 <input type="text" name="quantity" class="form-control input-number" id="category" value="1">
                <span class="input-group-btn">
                  <button type="button" class="btn btn-default btn-number" data-type="plus" data-field="category" onclick="increment($(this).parent().parent())">
                    <span class="glyphicon glyphicon-plus"></span>
                  </button>
                </span>
              </div>
              <?php } ?>
              ]]></add>
        </operation>
        <operation>
            <search><![CDATA[
            <button type="button" onclick="cart.add('<?php echo $product['product_id']; ?>');"><i class="fa fa-shopping-cart"></i> <span class="hidden-xs hidden-sm hidden-md"><?php echo $button_cart; ?></span></button>
            ]]></search>
            <add position="replace"><![CDATA[
              <?php if($quantityincrementdecrement_latest_status && $quantityincrementdecrement_status){?>
              <button type="button" onclick="cart.add('<?php echo $product['product_id']; ?>', $(this).parent().parent().find('.input-number').val());"><i class="fa fa-shopping-cart"></i> <span class="hidden-xs hidden-sm hidden-md"><?php echo $button_cart; ?></span></button>
              <?php } else {?>
              <button type="button" onclick="cart.add('<?php echo $product['product_id']; ?>');"><i class="fa fa-shopping-cart"></i> <span class="hidden-xs hidden-sm hidden-md"><?php echo $button_cart; ?></span></button>
              <?php } ?>
              ]]></add>
        </operation>
    </file>
    <!-- letest modudle -->

    <!-- special modudle -->
    <file path="catalog/controller/extension/module/special.php">
        <operation>
            <search><![CDATA[
            $data['products'] = array();
            ]]></search>
            <add position="before"><![CDATA[
              $data['quantityincrementdecrement_special_status']=$this->config->get('quantityincrementdecrement_lspecial_status');
              $data['quantityincrementdecrement_status']=$this->config->get('quantityincrementdecrement_status');
              ]]></add>
        </operation>
    </file>

    <file path="catalog/view/theme/default/template/extension/module/special.tpl">
        <operation>
            <search index="5"><![CDATA[
            <?php } ?>
            ]]></search>
            <add position="before"><![CDATA[
              <?php if($quantityincrementdecrement_special_status && $quantityincrementdecrement_status){?>
              <div class="input-group" style="margin-bottom:10px;">
                <span class="input-group-btn">
                  <button type="button" class="btn btn-default btn-number" data-type="minus" data-field="category" onclick="descrement($(this).parent().parent())")>
                    <span class="glyphicon glyphicon-minus"></span>
                    </button>
                 </span>
                 <input type="text" name="quantity" class="form-control input-number" id="category" value="1">
                <span class="input-group-btn">
                  <button type="button" class="btn btn-default btn-number" data-type="plus" data-field="category" onclick="increment($(this).parent().parent())">
                    <span class="glyphicon glyphicon-plus"></span>
                  </button>
                </span>
              </div>
              <?php } ?>
              ]]></add>
        </operation>
        <operation>
            <search><![CDATA[
            <button type="button" onclick="cart.add('<?php echo $product['product_id']; ?>');"><i class="fa fa-shopping-cart"></i> <span class="hidden-xs hidden-sm hidden-md"><?php echo $button_cart; ?></span></button>
            ]]></search>
            <add position="replace"><![CDATA[
              <?php if($quantityincrementdecrement_special_status && $quantityincrementdecrement_status){?>
              <button type="button" onclick="cart.add('<?php echo $product['product_id']; ?>', $(this).parent().parent().find('.input-number').val());"><i class="fa fa-shopping-cart"></i> <span class="hidden-xs hidden-sm hidden-md"><?php echo $button_cart; ?></span></button>
              <?php } else {?>
              <button type="button" onclick="cart.add('<?php echo $product['product_id']; ?>');"><i class="fa fa-shopping-cart"></i> <span class="hidden-xs hidden-sm hidden-md"><?php echo $button_cart; ?></span></button>
              <?php } ?>
              ]]></add>
        </operation>
    </file>
    <!-- special modudle -->

    <!-- bestseller modudle -->
    <file path="catalog/controller/extension/module/bestseller.php">
        <operation>
            <search><![CDATA[
            $data['products'] = array();
            ]]></search>
            <add position="before"><![CDATA[
              $data['quantityincrementdecrement_bestseller_status']=$this->config->get('quantityincrementdecrement_bestseller_status');
              $data['quantityincrementdecrement_status']=$this->config->get('quantityincrementdecrement_status');
              ]]></add>
        </operation>
    </file>

    <file path="catalog/view/theme/default/template/extension/module/bestseller.tpl">
        <operation>
            <search index="5"><![CDATA[
            <?php } ?>
            ]]></search>
            <add position="before"><![CDATA[
              <?php if($quantityincrementdecrement_bestseller_status && $quantityincrementdecrement_status){?>
              <div class="input-group" style="margin-bottom:10px;">
                <span class="input-group-btn">
                  <button type="button" class="btn btn-default btn-number" data-type="minus" data-field="category" onclick="descrement($(this).parent().parent())")>
                    <span class="glyphicon glyphicon-minus"></span>
                    </button>
                 </span>
                 <input type="text" name="quantity" class="form-control input-number" id="category" value="1">
                <span class="input-group-btn">
                  <button type="button" class="btn btn-default btn-number" data-type="plus" data-field="category" onclick="increment($(this).parent().parent())">
                    <span class="glyphicon glyphicon-plus"></span>
                  </button>
                </span>
              </div>
              <?php } ?>
              ]]></add>
        </operation>
        <operation>
            <search><![CDATA[
            <button type="button" onclick="cart.add('<?php echo $product['product_id']; ?>');"><i class="fa fa-shopping-cart"></i> <span class="hidden-xs hidden-sm hidden-md"><?php echo $button_cart; ?></span></button>
            ]]></search>
            <add position="replace"><![CDATA[
              <?php if($quantityincrementdecrement_bestseller_status && $quantityincrementdecrement_status){?>
              <button type="button" onclick="cart.add('<?php echo $product['product_id']; ?>', $(this).parent().parent().find('.input-number').val());"><i class="fa fa-shopping-cart"></i> <span class="hidden-xs hidden-sm hidden-md"><?php echo $button_cart; ?></span></button>
              <?php } else {?>
              <button type="button" onclick="cart.add('<?php echo $product['product_id']; ?>');"><i class="fa fa-shopping-cart"></i> <span class="hidden-xs hidden-sm hidden-md"><?php echo $button_cart; ?></span></button>
              <?php } ?>
              ]]></add>
        </operation>
    </file>
    <!-- bestseller modudle -->

    <!-- category list -->
    <file path="catalog/controller/product/category.php">
        <operation>
            <search><![CDATA[
            $data['products'] = array();
            ]]></search>
            <add position="before"><![CDATA[
              $data['quantityincrementdecrement_category_status']=$this->config->get('quantityincrementdecrement_category_status');
              $data['quantityincrementdecrement_status']=$this->config->get('quantityincrementdecrement_status');
              ]]></add>
        </operation>
    </file>

    <file path="catalog/view/theme/default/template/product/category.tpl">
        <operation>
            <search><![CDATA[
            <?php if ($product['rating']) { ?>
            ]]></search>
            <add position="before"><![CDATA[
              <?php if($quantityincrementdecrement_category_status && $quantityincrementdecrement_status){?>
              <div class="input-group" style="margin-bottom:10px;">
                <span class="input-group-btn">
                  <button type="button" class="btn btn-default btn-number" data-type="minus" data-field="category" onclick="descrement($(this).parent().parent())")>
                    <span class="glyphicon glyphicon-minus"></span>
                    </button>
                 </span>
                 <input type="text" name="quantity" class="form-control input-number" id="category" value="1">
                <span class="input-group-btn">
                  <button type="button" class="btn btn-default btn-number" data-type="plus" data-field="category" onclick="increment($(this).parent().parent())">
                    <span class="glyphicon glyphicon-plus"></span>
                  </button>
                </span>
              </div>
              <?php } ?>
              ]]></add>
        </operation>
        <operation>
            <search><![CDATA[
            <button type="button" onclick="cart.add('<?php echo $product['product_id']; ?>', '<?php echo $product['minimum']; ?>');"><i class="fa fa-shopping-cart"></i> <span class="hidden-xs hidden-sm hidden-md"><?php echo $button_cart; ?></span></button>
            ]]></search>
            <add position="replace"><![CDATA[
              <?php if($quantityincrementdecrement_category_status && $quantityincrementdecrement_status){?>
              <button type="button" onclick="cart.add('<?php echo $product['product_id']; ?>', $(this).parent().parent().find('.input-number').val());"><i class="fa fa-shopping-cart"></i> <span class="hidden-xs hidden-sm hidden-md"><?php echo $button_cart; ?></span></button>
              <?php } else {?>
              <button type="button" onclick="cart.add('<?php echo $product['product_id']; ?>', '<?php echo $product['minimum']; ?>');"><i class="fa fa-shopping-cart"></i> <span class="hidden-xs hidden-sm hidden-md"><?php echo $button_cart; ?></span></button>
              <?php } ?>
              ]]></add>
        </operation>
    </file>
    <!-- category list -->
    <!-- manufacture list -->
    <file path="catalog/controller/product/manufacturer.php">
        <operation>
            <search><![CDATA[
            $data['products'] = array();
            ]]></search>
            <add position="before"><![CDATA[
              $data['quantityincrementdecrement_manufactures_status']=$this->config->get('quantityincrementdecrement_manufactures_status');
              $data['quantityincrementdecrement_status']=$this->config->get('quantityincrementdecrement_status');
              ]]></add>
        </operation>
    </file>

    <file path="catalog/view/theme/default/template/product/manufacturer_info.tpl">
        <operation>
            <search><![CDATA[
            <?php if ($product['rating']) { ?>
            ]]></search>
            <add position="before"><![CDATA[
              <?php if($quantityincrementdecrement_manufactures_status && $quantityincrementdecrement_status){?>
              <div class="input-group" style="margin-bottom:10px;">
                <span class="input-group-btn">
                  <button type="button" class="btn btn-default btn-number" data-type="minus" data-field="category" onclick="descrement($(this).parent().parent())")>
                    <span class="glyphicon glyphicon-minus"></span>
                    </button>
                 </span>
                 <input type="text" name="quantity" class="form-control input-number" id="category" value="1">
                <span class="input-group-btn">
                  <button type="button" class="btn btn-default btn-number" data-type="plus" data-field="category" onclick="increment($(this).parent().parent())">
                    <span class="glyphicon glyphicon-plus"></span>
                  </button>
                </span>
              </div>
              <?php } ?>
              ]]></add>
        </operation>
        <operation>
            <search><![CDATA[
            <button type="button" onclick="cart.add('<?php echo $product['product_id']; ?>', '<?php echo $product['minimum']; ?>');"><i class="fa fa-shopping-cart"></i> <span class="hidden-xs hidden-sm hidden-md"><?php echo $button_cart; ?></span></button>
            ]]></search>
            <add position="replace"><![CDATA[
              <?php if($quantityincrementdecrement_manufactures_status && $quantityincrementdecrement_status){?>
              <button type="button" onclick="cart.add('<?php echo $product['product_id']; ?>', $(this).parent().parent().find('.input-number').val());"><i class="fa fa-shopping-cart"></i> <span class="hidden-xs hidden-sm hidden-md"><?php echo $button_cart; ?></span></button>
              <?php } else {?>
              <button type="button" onclick="cart.add('<?php echo $product['product_id']; ?>', '<?php echo $product['minimum']; ?>');"><i class="fa fa-shopping-cart"></i> <span class="hidden-xs hidden-sm hidden-md"><?php echo $button_cart; ?></span></button>
              <?php } ?>
              ]]></add>
        </operation>
    </file>
    <!-- manufacture list -->


    <!-- product and related list -->
    <file path="catalog/controller/product/product.php">
        <operation>
            <search><![CDATA[
            $this->load->model('catalog/category');
            ]]></search>
            <add position="before"><![CDATA[
              $data['quantityincrementdecrement_product_status']=$this->config->get('quantityincrementdecrement_product_status');
              $data['quantityincrementdecrement_related_status']=$this->config->get('quantityincrementdecrement_related_status');
              $data['quantityincrementdecrement_status']=$this->config->get('quantityincrementdecrement_status');
              ]]></add>
        </operation>
    </file>

    <file path="catalog/view/theme/default/template/product/product.tpl">
        <operation>
            <search><![CDATA[
            <input type="text" name="quantity" value="<?php echo $minimum; ?>" size="2" id="input-quantity" class="form-control" />
            ]]></search>
            <add position="replace"><![CDATA[
              <?php if($quantityincrementdecrement_product_status && $quantityincrementdecrement_status){?>
              <div class="input-group" style="margin-bottom:10px;">
                <span class="input-group-btn">
                  <button type="button" class="btn btn-default btn-number" data-type="minus" data-field="category" onclick="descrement($(this).parent().parent())")>
                    <span class="glyphicon glyphicon-minus"></span>
                    </button>
                 </span>
                 <input type="text" name="quantity" class="form-control input-number" id="category" value="1">
                <span class="input-group-btn">
                  <button type="button" class="btn btn-default btn-number" data-type="plus" data-field="category" onclick="increment($(this).parent().parent())">
                    <span class="glyphicon glyphicon-plus"></span>
                  </button>
                </span>
              </div>
              <?php } else {?>
              <?php } ?>
              ]]></add>
        </operation>

        <operation>
            <search index="55"><![CDATA[
            <?php } ?>
            ]]></search>
            <add position="after"><![CDATA[
              <?php if($quantityincrementdecrement_related_status && $quantityincrementdecrement_status){?>
              <div class="input-group" style="margin-bottom:10px;">
                <span class="input-group-btn">
                  <button type="button" class="btn btn-default btn-number" data-type="minus" data-field="category" onclick="descrement($(this).parent().parent())")>
                    <span class="glyphicon glyphicon-minus"></span>
                    </button>
                 </span>
                 <input type="text" name="quantity" class="form-control input-number" id="category" value="1">
                <span class="input-group-btn">
                  <button type="button" class="btn btn-default btn-number" data-type="plus" data-field="category" onclick="increment($(this).parent().parent())">
                    <span class="glyphicon glyphicon-plus"></span>
                  </button>
                </span>
              </div>
              <?php } else {?>
              <?php } ?>
              ]]></add>
        </operation>

        <operation>
            <search><![CDATA[
            <button type="button" onclick="cart.add('<?php echo $product['product_id']; ?>', '<?php echo $product['minimum']; ?>');"><span class="hidden-xs hidden-sm hidden-md"><?php echo $button_cart; ?></span> <i class="fa fa-shopping-cart"></i></button>
            ]]></search>
            <add position="replace"><![CDATA[
              <?php if($quantityincrementdecrement_related_status && $quantityincrementdecrement_status){?>
              <button type="button" onclick="cart.add('<?php echo $product['product_id']; ?>', $(this).parent().parent().find('.input-number').val());"><i class="fa fa-shopping-cart"></i> <span class="hidden-xs hidden-sm hidden-md"><?php echo $button_cart; ?></span></button>
              <?php } else {?>
              <button type="button" onclick="cart.add('<?php echo $product['product_id']; ?>', '<?php echo $product['minimum']; ?>');"><span class="hidden-xs hidden-sm hidden-md"><?php echo $button_cart; ?></span> <i class="fa fa-shopping-cart"></i></button>
              <?php } ?>
              ]]></add>
        </operation>
    </file>
    <!-- product and related list -->

    <!-- category list -->
    <file path="catalog/controller/product/search.php">
        <operation>
            <search><![CDATA[
            $data['products'] = array();
            ]]></search>
            <add position="before"><![CDATA[
              $data['quantityincrementdecrement_search_status']=$this->config->get('quantityincrementdecrement_search_status');
              $data['quantityincrementdecrement_status']=$this->config->get('quantityincrementdecrement_status');
              ]]></add>
        </operation>
    </file>

    <file path="catalog/view/theme/default/template/product/search.tpl">
        <operation>
            <search><![CDATA[
            <?php if ($product['rating']) { ?>
            ]]></search>
            <add position="before"><![CDATA[
              <?php if($quantityincrementdecrement_search_status && $quantityincrementdecrement_status){?>
              <div class="input-group" style="margin-bottom:10px;">
                <span class="input-group-btn">
                  <button type="button" class="btn btn-default btn-number" data-type="minus" data-field="category" onclick="descrement($(this).parent().parent())")>
                    <span class="glyphicon glyphicon-minus"></span>
                    </button>
                 </span>
                 <input type="text" name="quantity" class="form-control input-number" id="category" value="1">
                <span class="input-group-btn">
                  <button type="button" class="btn btn-default btn-number" data-type="plus" data-field="category" onclick="increment($(this).parent().parent())">
                    <span class="glyphicon glyphicon-plus"></span>
                  </button>
                </span>
              </div>
              <?php } ?>
              ]]></add>
        </operation>
        <operation>
            <search><![CDATA[
            <button type="button" onclick="cart.add('<?php echo $product['product_id']; ?>', '<?php echo $product['minimum']; ?>');"><i class="fa fa-shopping-cart"></i> <span class="hidden-xs hidden-sm hidden-md"><?php echo $button_cart; ?></span></button>
            ]]></search>
            <add position="replace"><![CDATA[
              <?php if($quantityincrementdecrement_search_status && $quantityincrementdecrement_status){?>
              <button type="button" onclick="cart.add('<?php echo $product['product_id']; ?>', $(this).parent().parent().find('.input-number').val());"><i class="fa fa-shopping-cart"></i> <span class="hidden-xs hidden-sm hidden-md"><?php echo $button_cart; ?></span></button>
              <?php } else {?>
              <button type="button" onclick="cart.add('<?php echo $product['product_id']; ?>', '<?php echo $product['minimum']; ?>');"><i class="fa fa-shopping-cart"></i> <span class="hidden-xs hidden-sm hidden-md"><?php echo $button_cart; ?></span></button>
              <?php } ?>
              ]]></add>
        </operation>
    </file>
    <!-- category list -->
</modification>
